﻿<?xml version="1.0" encoding="UTF-8" standalone="yes"?>
<addon id="video.kino.pub" name="kino.pub" version="3.1.1" provider-name="quarckster">
  <requires>
    <import addon="xbmc.python" version="3.0.0"/>
    <import addon="script.module.inputstreamhelper" version="0.5.7" optional="true"/>
  </requires>
  <extension point="xbmc.python.pluginsource" library="addon.py">
    <provides>video</provides>
  </extension>
  <extension point="xbmc.addon.metadata">
    <summary>kino.pub - онлайн-кинотеатр.</summary>
    <platform>all</platform>
    <license>BSD-3-Clause</license>
    <source>https://github.com/quarckster/kodi.kino.pub</source>
    <assets>
      <icon>resources/icon.png</icon>
    </assets>
  </extension>
</addon>
